{"schema_version":1,"intercept":0.2960163945514501,"home_adv":0.0,"teams":[["Afghanistan",-0.0007913209746531909,0.0003233995259269965,9],["Albania",-0.002207096764378904,-0.0023073271695222457,81],["Algeria",7.420853432018744e-05,-0.0017110095753011074,36],["Andorra",-0.007639994505174485,0.004727447338361351,73],["Angola",-0.0005010442855246979,-0.0010595329866526614,19],["Anguilla",-0.0014618658438920417,0.002432213793805048,12],["Antigua and Barbuda",-0.001210734804990653,0.0021251042833495526,17],["Argentina",0.005228490151812784,-0.00839628029653303,109],["Armenia",-0.0024825287279011984,0.007437142933663144,74],["Aruba",-0.00027777042767482187,0.0013902464905316675,13],["Australia",0.0023064160144598334,-0.004215990145094187,79],["Austria",0.004420333277666321,-0.003954069793131213,101],["Azerbaijan",-0.00394649265381324,0.003992886095022105,66],["Bahamas",-0.000574305108750178,0.0042102989621635315,12],["Bahrain",-0.0018406967437966787,0.00025722690544554454,28],["Bangladesh",-0.0006781619726641692,0.0005451739940846495,9],["Barbados",0.0005345053691462827,0.003203822094541735,15],["Belarus",-0.00457407394866836,0.0035804723638780127,71],["Belgium",0.014637285305153387,-0.006666082679745145,109],["Belize",-0.0006115495706828064,0.00027973946913905593,13],["Benin",-0.0011646177581071898,-5.605568390866322e-05,16],["Bermuda",0.0008932583682775897,0.0031163160387946997,23],["Bhutan",-0.00022659442839810412,0.00021930352645648752,3],["Bolivia",-0.004651520965759167,0.007081176049295451,83],["Bonaire",-0.00046197245080389134,0.0006534162486986209,12],["Bosnia and Herzegovina",-0.0003220410181322828,0.001314770058353669,81],["Botswana",-0.0006020830157419933,0.0006224764086958882,7],["Brazil",0.008490704452844574,-0.00821406985836245,107],["British Virgin Islands",-0.0011290873175145554,0.0010967923506823595,12],["Brunei",-0.0005991860434579537,0.0021838302069205552,4],["Bulgaria",-0.00390602714321332,0.0028021283312770233,74],["Burkina Faso",-0.00046987085544357914,-0.00014214715432857506,24],["Burundi",-0.0005679544967573682,0.0002112449912641993,9],["Cambodia",-0.00045320810328360067,0.00010389866207701203,6],["Cameroon",-0.0008853139099691979,-0.0011191655127222653,35],["Canada",0.0015133284076591683,-0.0029255546946982494,68],["Cape Verde",-0.00016571450096655285,-0.000613741815445262,16],["Cape Verde Islands",0.00014267570739193042,-0.0004137130357374897,5],["Cayman Islands",-0.0008691332429804628,0.0011360276596790602,11],["Central African Republic",-0.00011514219035130272,0.0006646610315936785,3],["Chad",-0.0002647432653202997,0.0007374786139465705,4],["Chile",-0.0020917291658375807,-0.000814562320470666,88],["China",-0.0015002488258940166,-0.00040408664485618934,57],["Colombia",0.0023257659707056583,-0.005405551417296958,102],["Comoros",-0.0007884477629559368,-1.0907604197586354e-05,9],["Congo",0.0,0.0,2],["Congo DR",-0.00037841060971462225,-0.0004902538391308627,7],["Costa Rica",-0.0003075848692968986,-0.0004520918474804738,84],["Croatia",0.003445978331351514,-0.003878546901849036,110],["Cuba",-0.0011766393252745388,0.001044785194614383,22],["Curaçao",0.00144915249036351,0.00022709500295900887,23],["Cyprus",-0.003972242490643013,0.005515074025718733,81],["Czech Republic",0.0015819740239551511,-0.0014143874318035103,89],["Côte d'Ivoire",-0.0002671077824235266,-0.00015690922561413563,7],["DR Congo",-0.001029423415922884,-0.001589758841103169,30],["Denmark",0.005814855668541806,-0.006850061614101688,102],["Djibouti",-0.0003375964135527316,0.00033078556167859773,3],["Dominica",1.7397605109068683e-05,0.0016869193603043391,14],["Dominican Republic",0.003004525072490502,-0.00010176159861594376,23],["Ecuador",-0.001144648356882176,-0.003053178188262088,92],["Egypt",-0.0011522119862831244,-0.0021712303271106278,48],["El Salvador",-0.003341007609710901,0.00040720834575477024,53],["England",0.010323204119947393,-0.00923201580851694,116],["Equatorial Guinea",-0.00027715879865490426,-0.0006124337620246435,16],["Estonia",-0.004138596251713847,0.0063234400747929475,74],["Eswatini",-0.0003755324994573704,0.0001808571694016491,4],["Ethiopia",-0.0004937800027852419,0.00017403180850776784,10],["Faroe Islands",-0.004473954949572598,0.00303524554741531,71],["Finland",-0.0020866846454787352,-0.0006655175527523697,87],["France",0.008905909522385326,-0.006514307439417721,116],["Gabon",0.00013610820244161866,2.344854959312312e-05,11],["Gambia",0.0003579180384474421,-0.00019824179258675823,11],["Georgia",0.00038096064283999777,0.0002592341768692581,77],["Germany",0.012912019611487203,-0.0030662788744134323,106],["Ghana",-0.0006582733560820442,0.00021261960167643742,32],["Gibraltar",-0.007231868575632125,0.014514562988359908,68],["Greece",-0.00010957873652482132,-0.003524886132851297,84],["Grenada",-0.0008010092729563251,0.003087720201645458,18],["Guadeloupe",0.0009716785345685741,0.00019659937497470623,21],["Guam",-0.000376671514561106,0.0006261214232659859,4],["Guatemala",-0.0005614918634890695,-1.0905580531250084e-05,38],["Guinea",-0.0006900837635835839,-0.0001377725381732135,21],["Guinea-Bissau",-0.0016845530896362243,0.0004270251700517648,15],["Guyana",0.002235014673187989,0.00034930939975802525,17],["Haiti",0.0028766493515114773,0.0003231046536231788,35],["Honduras",-0.0016531081284475633,0.0016401864770681587,67],["Hong Kong",-0.0008314742485376297,-5.261583851576937e-05,13],["Hungary",0.0005518601771363413,-0.0013472292403419598,93],["Iceland",-0.0002426031906691011,0.00432657485329393,91],["India",-0.00116873337583452,0.0007222340816117351,16],["Indonesia",4.3669616857145657e-05,0.0011473648010003076,28],["Iran",0.0012314559592084445,-0.0036480788245538986,55],["Iraq",-0.0020411130221694358,-0.0007347901087263749,51],["Israel",0.0015616968637426018,0.00308509784063092,78],["Italy",0.0051939573741857665,-0.0055190063681887875,104],["Ivory Coast",0.0008549313284610127,-0.0019302437097371877,33],["Jamaica",-0.0004038070252832139,-0.0009664792745237564,63],["Japan",0.006781192205505046,-0.004586476186256442,80],["Jordan",0.0004063023417137804,-0.00027105710036095436,36],["Kazakhstan",-0.0031108743154362063,0.004500867075986178,73],["Kenya",0.00017726285571533133,0.0001767577300043769,7],["Kosovo",-0.002034636877411137,0.001375839126848677,71],["Kuwait",-0.0015041557996229406,0.0011631571637311523,19],["Kyrgyzstan",-0.000838874389744819,0.0008241411017056595,22],["Latvia",-0.0040029770853888536,0.003403136206844988,73],["Lebanon",-0.0016887344125261993,0.0007515967213158391,21],["Lesotho",-0.0005251775776524099,0.00036546034448896184,5],["Liberia",0.0001805757973288456,0.00018088601305798902,4],["Libya",6.932170066415295e-05,-0.00015332527769454726,4],["Liechtenstein",-0.008861059976028344,0.011789486630723626,70],["Lithuania",-0.00589803292027884,0.005783066504055937,74],["Luxembourg",-0.003877950699218141,0.003384314297501029,76],["Madagascar",0.00010159448290249733,0.0005457645799249739,9],["Malawi",-0.00037877990398654544,-0.00026833499897062856,7],["Malaysia",-1.4779413539587823e-05,0.00043076043523146066,12],["Maldives",-0.0005644799414733244,0.000883786346852507,6],["Mali",-0.00043971667544926216,-0.002327412979154941,29],["Malta",-0.005383764698316409,0.0055390800757814974,69],["Martinique",-0.0003521673583857819,0.001203711505181374,15],["Mauritania",-0.001870329305182871,0.00023830088568223287,17],["Mauritius",-0.0004872572600374553,-4.188145222452264e-05,4],["Mexico",0.000550481258868267,-0.004976327322685614,105],["Moldova",-0.00487340060558318,0.006931110667492563,73],["Mongolia",-0.0007875535077425194,0.0006614802811072951,6],["Montenegro",-0.001099308600872402,0.001112739092411805,78],["Montserrat",-0.0010246237995406727,0.0015317419945484517,18],["Morocco",0.0004583572331925484,-0.00553383081106914,58],["Mozambique",-0.0004990982080504519,0.0010552228919702476,16],["Myanmar",-0.0007857405490198363,0.0014383884701818829,6],["Namibia",-0.0009749523669776952,0.00046930552840684567,11],["Nepal",-0.0005986058925124983,-0.00015357195681916087,4],